"Authors","Author full names","Author(s) ID","Title","Year","Source title","Volume","Issue","Art. No.","Page start","Page end","Cited by","DOI","Link","Document Type","Publication Stage","Open Access","Source","EID"
"Cuesta-Vargas A.I.; Fuentes-Abolafio I.J.; García-Conejo C.; Díaz-Balboa E.; Trinidad-Fernández M.; Gutiérrez-Sánchez D.; Escriche-Escuder A.; Cobos-Palacios L.; López-Sampalo A.; Pérez-Ruíz J.M.; Roldán-Jiménez C.; Pérez-Velasco M.A.; Mora-Robles J.; López-Carmona M.ªD.; Pérez-Cruzado D.; Martín-Martín J.; Pérez-Belmonte L.M.","Cuesta-Vargas, Antonio Ignacio (18436315500); Fuentes-Abolafio, Iván José (57218498656); García-Conejo, Celia (58314765800); Díaz-Balboa, Estíbaliz (57222755238); Trinidad-Fernández, Manuel (57202677312); Gutiérrez-Sánchez, Daniel (56986505800); Escriche-Escuder, Adrián (57211070704); Cobos-Palacios, Lidia (57196152861); López-Sampalo, Almudena (6602903789); Pérez-Ruíz, Jose Maria (6603413054); Roldán-Jiménez, Cristina (56884582300); Pérez-Velasco, Miguel Angel (56589968400); Mora-Robles, Javier (57998246200); López-Carmona, Mª Dolores (57226611424); Pérez-Cruzado, David (55959776600); Martín-Martín, Jaime (6603642089); Pérez-Belmonte, Luis Miguel (55234942800)","18436315500; 57218498656; 58314765800; 57222755238; 57202677312; 56986505800; 57211070704; 57196152861; 6602903789; 6603413054; 56884582300; 56589968400; 57998246200; 57226611424; 55959776600; 6603642089; 55234942800","Effectiveness of a cardiac rehabilitation program on biomechanical, imaging, and physiological biomarkers in elderly patients with heart failure with preserved ejection fraction (HFpEF): FUNNEL + study protocol","2023","BMC Cardiovascular Disorders","23","1","550","","","9","10.1186/s12872-023-03555-7","https://www.scopus.com/pages/publications/85176256086?origin=resultslist","Article","Final","All Open Access; Gold Open Access; Green Open Access","Scopus","2-s2.0-85176256086"
"Cai H.; Zhang G.; Wei L.; Xu J.; Yan F.; Zhang M.","Cai, Hejin (59926410100); Zhang, Guoxin (57220548619); Wei, Linjuan (59240343600); Xu, Jialiang (60012360100); Yan, Fei (56675202600); Zhang, Ming (35197676900)","59926410100; 57220548619; 59240343600; 60012360100; 56675202600; 35197676900","Lower extremity muscle activation patterns in sarcopenic older adults during physical performance tests: implications for rehabilitation approaches","2025","Scientific Reports","15","1","26932","","","3","10.1038/s41598-025-10429-9","https://www.scopus.com/pages/publications/105011530399?origin=resultslist","Article","Final","All Open Access; Gold Open Access; Green Open Access","Scopus","2-s2.0-105011530399"
"Degani A.M.; Leonard C.T.; Danna-dos-Santos A.","Degani, Adriana M. (16745265000); Leonard, Charles T. (7201721305); Danna-dos-Santos, Alessander (16315625800)","16745265000; 7201721305; 16315625800","The effects of aging on the distribution and strength of correlated neural inputs to postural muscles during unperturbed bipedal stance","2020","Experimental Brain Research","238","6","","1537","1553","10","10.1007/s00221-020-05837-4","https://www.scopus.com/pages/publications/85085326830?origin=resultslist","Article","Final","","Scopus","2-s2.0-85085326830"
"Birkbeck M.G.; Blamire A.M.; Whittaker R.G.; Sayer A.A.; Dodds R.M.","Birkbeck, Matthew G. (57215222085); Blamire, Andrew M. (7005859645); Whittaker, Roger G. (20736067600); Sayer, Avan Aihie (57203238221); Dodds, Richard M. (55222026100)","57215222085; 7005859645; 20736067600; 57203238221; 55222026100","The role of novel motor unit magnetic resonance imaging to investigate motor unit activity in ageing skeletal muscle","2021","Journal of Cachexia, Sarcopenia and Muscle","12","1","","17","29","14","10.1002/jcsm.12655","https://www.scopus.com/pages/publications/85097912304?origin=resultslist","Review","Final","All Open Access; Gold Open Access; Green Open Access","Scopus","2-s2.0-85097912304"
"Imrani L.; Boudaoud S.; Lahaye C.; Moreau C.; Ghezal M.; Manaa S.B.; Doulazmi M.; Laforêt J.; Marin F.; Kinugawa K.","Imrani, Loubna (57210391263); Boudaoud, Sofiane (9534663900); Lahaye, Clément (55753076100); Moreau, Caroline (58083001500); Ghezal, Myriam (58082963200); Manaa, Safa Ben (59124947900); Doulazmi, Mohamed (6508213664); Laforêt, Jérémy (23389752900); Marin, Frédéric (7103141093); Kinugawa, Kiyoka (26040725200)","57210391263; 9534663900; 55753076100; 58083001500; 58082963200; 59124947900; 6508213664; 23389752900; 7103141093; 26040725200","High-density Surface Electromyography as Biomarker of Muscle Aging","2023","Journals of Gerontology - Series A Biological Sciences and Medical Sciences","78","1","","25","33","18","10.1093/gerona/glac143","https://www.scopus.com/pages/publications/85147046966?origin=resultslist","Article","Final","","Scopus","2-s2.0-85147046966"
"Ebenbichler G.; Habenicht R.; Ziegelbecker S.; Kollmitzer J.; Mair P.; Kienbacher T.","Ebenbichler, Gerold (57219234145); Habenicht, Richard (56050187500); Ziegelbecker, Sara (57214086022); Kollmitzer, Josef (6701786403); Mair, Patrick (16425720400); Kienbacher, Thomas (6506870369)","57219234145; 56050187500; 57214086022; 6701786403; 16425720400; 6506870369","Age- and sex-specific effects in paravertebral surface electromyographic back extensor muscle fatigue in chronic low back pain","2020","GeroScience","42","1","","251","269","20","10.1007/s11357-019-00134-7","https://www.scopus.com/pages/publications/85076200569?origin=resultslist","Article","Final","All Open Access; Green Open Access; Hybrid Gold Open Access","Scopus","2-s2.0-85076200569"
"Evans K.; Abdelhafiz D.; Abdelhafiz A.H.","Evans, Katherine (57226498312); Abdelhafiz, Dima (57226502326); Abdelhafiz, Ahmed H (6603394036)","57226498312; 57226502326; 6603394036","Sarcopenic obesity as a determinant of cardiovascular disease risk in older people: a systematic review","2021","Postgraduate Medicine","133","8","","831","842","53","10.1080/00325481.2021.1942934","https://www.scopus.com/pages/publications/85111766415?origin=resultslist","Review","Final","","Scopus","2-s2.0-85111766415"
"Kumar K.S.; Lee D.; Jamsrandoj A.; Soylu N.N.; Jung D.; Kim J.; Mun K.R.","Kumar, Konki Sravan (57404719200); Lee, Daehyun (57222760181); Jamsrandoj, Ankhzaya (58933411500); Soylu, Necla Nisa (58088430100); Jung, Dawoon (56223111300); Kim, Jinwook (57204539065); Mun, Kyung Ryoul (56227547200)","57404719200; 57222760181; 58933411500; 58088430100; 56223111300; 57204539065; 56227547200","sEMG-based Sarcopenia risk classification using empirical mode decomposition and machine learning algorithms","2024","Mathematical Biosciences and Engineering","21","2","","2901","2921","11","10.3934/mbe.2024129","https://www.scopus.com/pages/publications/85187498509?origin=resultslist","Article","Final","All Open Access; Gold Open Access; Green Open Access","Scopus","2-s2.0-85187498509"
"Li Y.; Wang B.; Jiao X.; Esi Acquah M.E.; Zhu Y.; Jin J.; Zhang X.; Gu D.","Li, Yongjin (59513732700); Wang, Binbin (59234205000); Jiao, Xin (57215505274); Esi Acquah, Mirabel Ewura (57404733100); Zhu, Yunxia (57858523300); Jin, Jun (58092148200); Zhang, Xiaoyan (56701636400); Gu, Dongyun (7202151970)","59513732700; 59234205000; 57215505274; 57404733100; 57858523300; 58092148200; 56701636400; 7202151970","Muscle activation of lower limb during walking in elderly individuals with sarcopenia: A pilot study","2024","Proceedings of the Annual International Conference of the IEEE Engineering in Medicine and Biology Society, EMBS","","","","","","2","10.1109/EMBC53108.2024.10782274","https://www.scopus.com/pages/publications/85215002365?origin=resultslist","Conference paper","Final","","Scopus","2-s2.0-85215002365"
"Hu C.-H.; Yang C.-C.; Tu S.J.; Huang I.-J.; Ganbat D.; Guo L.-Y.","Hu, Chia-Han (57216392314); Yang, Chia-Chi (56176122100); Tu, Shihfan Jack (57216390908); Huang, Ing-Jer (7101923136); Ganbat, Danaa (55753220300); Guo, Lan-Yuen (10238779700)","57216392314; 56176122100; 57216390908; 7101923136; 55753220300; 10238779700","Characteristics of the electrophysiological properties of neuromuscular motor units and its adaptive strategy response in lower extremity muscles for seniors with pre-sarcopenia: A preliminary study","2021","International Journal of Environmental Research and Public Health","18","6","3063","1","11","13","10.3390/ijerph18063063","https://www.scopus.com/pages/publications/85102525372?origin=resultslist","Article","Final","All Open Access; Gold Open Access; Green Open Access","Scopus","2-s2.0-85102525372"
"Labata-Lezaun N.; Llurda-Almuzara L.; López-De-celis C.; Rodríguez-Sanz J.; González-Rueda V.; Hidalgo-García C.; Muniz-Pardos B.; Pérez-Bellmunt A.","Labata-Lezaun, Noé (57218702708); Llurda-Almuzara, Luis (57201983418); López-De-celis, Carlos (23019263700); Rodríguez-Sanz, Jacobo (57210592919); González-Rueda, Vanessa (56527355300); Hidalgo-García, César (22134893700); Muniz-Pardos, Borja (57202404132); Pérez-Bellmunt, Albert (26533103600)","57218702708; 57201983418; 23019263700; 57210592919; 56527355300; 22134893700; 57202404132; 26533103600","Effectiveness of protein supplementation combined with resistance training on muscle strength and physical performance in elderly: A systematic review and meta-analysis","2020","Nutrients","12","9","2607","1","16","34","10.3390/nu12092607","https://www.scopus.com/pages/publications/85090106343?origin=resultslist","Review","Final","All Open Access; Gold Open Access; Green Open Access","Scopus","2-s2.0-85090106343"
"Hayman O.; Combet E.; Witard O.C.; Gray S.R.","Hayman, Oliver (59231539100); Combet, Emilie (15135118200); Witard, Oliver C. (24177476000); Gray, Stuart R. (12774934500)","59231539100; 15135118200; 24177476000; 12774934500","Long-chain n-3 polyunsaturated fatty acid supplementation and neuromuscular function in older adults","2024","Current Opinion in Clinical Nutrition and Metabolic Care","27","6","","486","491","4","10.1097/MCO.0000000000001065","https://www.scopus.com/pages/publications/85201616924?origin=resultslist","Review","Final","All Open Access; Green Open Access","Scopus","2-s2.0-85201616924"
"Song K.; Eun Shin H.; Park W.; Lee D.; Jang J.; Yang Shim G.; Choi S.; Kim M.; Lee H.; Won Won C.","Song, Kwangsub (57195232309); Eun Shin, Hyung (59301437900); Park, Wookhyun (59279280300); Lee, Daehyun (57222760181); Jang, Jaeyoung (57215881098); Yang Shim, Ga (57208718617); Choi, Sangui (57265890800); Kim, Miji (35310874900); Lee, Hooman (55793871400); Won Won, Chang (56693973800)","57195232309; 59301437900; 59279280300; 57222760181; 57215881098; 57208718617; 57265890800; 35310874900; 55793871400; 56693973800","Digital Biomarker for Muscle Function Assessment Using Surface Electromyography With Electrical Stimulation and a Non-Invasive Wearable Device","2024","IEEE Transactions on Neural Systems and Rehabilitation Engineering","32","","","3048","3058","6","10.1109/TNSRE.2024.3444890","https://www.scopus.com/pages/publications/85201615539?origin=resultslist","Article","Final","All Open Access; Gold Open Access; Green Open Access","Scopus","2-s2.0-85201615539"
"James E.; Nichols S.; Goodall S.; Hicks K.M.; O'Doherty A.F.","James, Emily (57214361914); Nichols, Simon (56415902300); Goodall, Stuart (24337920800); Hicks, Kirsty M. (55880453900); O'Doherty, Alasdair F. (57996945600)","57214361914; 56415902300; 24337920800; 55880453900; 57996945600","The influence of resistance training on neuromuscular function in middle-aged and older adults: A systematic review and meta-analysis of randomised controlled trials.","2021","Experimental Gerontology","149","","111320","","","13","10.1016/j.exger.2021.111320","https://www.scopus.com/pages/publications/85103727083?origin=resultslist","Review","Final","All Open Access; Green Open Access; Hybrid Gold Open Access","Scopus","2-s2.0-85103727083"
"Marshall R.N.; Morgan P.T.; Martinez-Valdes E.; Breen L.","Marshall, Ryan N. (57216655929); Morgan, Paul T. (57200567285); Martinez-Valdes, Eduardo (56820114200); Breen, Leigh (26639106400)","57216655929; 57200567285; 56820114200; 26639106400","Quadriceps muscle electromyography activity during physical activities and resistance exercise modes in younger and older adults","2020","Experimental Gerontology","136","","110965","","","15","10.1016/j.exger.2020.110965","https://www.scopus.com/pages/publications/85084210876?origin=resultslist","Article","Final","All Open Access; Green Open Access; Hybrid Gold Open Access","Scopus","2-s2.0-85084210876"
"Chilwan U.; Shameer S.; Hanan A.; Balasubramanium R.K.","Chilwan, Uzair (58750522800); Shameer, Sahlah (58147152300); Hanan, Aysha (60102148200); Balasubramanium, Radish Kumar (35755395700)","58750522800; 58147152300; 60102148200; 35755395700","Effect of 6-Min Mastication Test on Masticatory Function in Young Versus Older Adults: A Comparative SEMG Study","2025","Scientific World Journal","2025","1","1506278","","","0","10.1155/tswj/1506278","https://www.scopus.com/pages/publications/105016104044?origin=resultslist","Article","Final","All Open Access; Gold Open Access; Green Open Access","Scopus","2-s2.0-105016104044"
"Habenicht R.; Ebenbichler G.; Bonato P.; Kollmitzer J.; Ziegelbecker S.; Unterlerchner L.; Mair P.; Kienbacher T.","Habenicht, R. (56050187500); Ebenbichler, G. (57219234145); Bonato, P. (7006225560); Kollmitzer, J. (6701786403); Ziegelbecker, S. (57214086022); Unterlerchner, L. (57194338777); Mair, P. (16425720400); Kienbacher, T. (6506870369)","56050187500; 57219234145; 7006225560; 6701786403; 57214086022; 57194338777; 16425720400; 6506870369","Age-specific differences in the time-frequency representation of surface electromyographic data recorded during a submaximal cyclic back extension exercise: A promising biomarker to detect early signs of sarcopenia","2020","Journal of NeuroEngineering and Rehabilitation","17","1","8","","","23","10.1186/s12984-020-0645-2","https://www.scopus.com/pages/publications/85078518472?origin=resultslist","Article","Final","All Open Access; Gold Open Access; Green Open Access","Scopus","2-s2.0-85078518472"
"Tryfonos A.; Jörnåker G.; Rundqvist H.; Pourhamidi K.; Melin M.; Wallin H.; Larsen F.; Pantelios S.; Mutvei A.; Tillander V.; Tietge U.; Diaz S.; Crafoord D.; Lovric A.; Fernandez-Gonzalo R.; Rullman E.; Stål P.; Gustafsson T.; Rundqvist H.; Lundberg T.","Tryfonos, Andrea (57205702995); Jörnåker, Gustav (58978260500); Rundqvist, Håkan (57211467063); Pourhamidi, Kaveh (49864191600); Melin, Michael (57211633432); Wallin, Helena (37110161300); Larsen, Filip J. (18434571500); Pantelios, Spyridon (58191988600); Mutvei, Anders P. (37034651300); Tillander, Veronika (25634614300); Tietge, Uwe J. F. (7003968585); Diaz, Sergio Perez (60120248300); Crafoord, Douglas (60120316700); Lovric, Alen (57200333122); Fernandez-Gonzalo, Rodrigo (36494360500); Rullman, Eric (17136363000); Stål, Per (7003335207); Gustafsson, Thomas (7101869124); Rundqvist, Helene (17135990300); Lundberg, Tommy R. (55141923100)","57205702995; 58978260500; 57211467063; 49864191600; 57211633432; 37110161300; 18434571500; 58191988600; 37034651300; 25634614300; 7003968585; 60120248300; 60120316700; 57200333122; 36494360500; 17136363000; 7003335207; 7101869124; 17135990300; 55141923100","Muscle Abnormalities in Nonhospitalised Patients With Post–COVID-19 Condition","2025","Journal of Cachexia, Sarcopenia and Muscle","16","5","e70085","","","1","10.1002/jcsm.70085","https://www.scopus.com/pages/publications/105017440562?origin=resultslist","Article","Final","All Open Access; Gold Open Access; Green Open Access","Scopus","2-s2.0-105017440562"
"Nardon M.; Venturelli M.; Ruzzante F.; Longo V.D.; Bertucco M.","Nardon, Mauro (57209173859); Venturelli, Massimo (25927714100); Ruzzante, Federico (57209653011); Longo, Valter D. (7005786660); Bertucco, Matteo (24166160400)","57209173859; 25927714100; 57209653011; 7005786660; 24166160400","Fasting-Mimicking-Diet does not reduce skeletal muscle function in healthy young adults: a randomized control trial","2022","European Journal of Applied Physiology","122","3","","651","661","5","10.1007/s00421-021-04867-2","https://www.scopus.com/pages/publications/85123096138?origin=resultslist","Article","Final","","Scopus","2-s2.0-85123096138"
"He H.; Wu X.; Li N.; Jiang Y.; He J.; Jiang N.","He, Haoru (59091478300); Wu, Xiaochu (57398388800); Li, Na (57487240600); Jiang, Yi (57209072092); He, Jiayuan (55657807300); Jiang, Ning (36813786200)","59091478300; 57398388800; 57487240600; 57209072092; 55657807300; 36813786200","Multi-channel EMG manifestations of upper-extremity muscle coordination imbalance among community-dwelling sarcopenic seniors","2024","BioMedical Engineering Online","23","1","115","","","3","10.1186/s12938-024-01310-3","https://www.scopus.com/pages/publications/85209361311?origin=resultslist","Article","Final","All Open Access; Gold Open Access; Green Open Access","Scopus","2-s2.0-85209361311"
"Li N.; Ou J.; He H.; He J.; Zhang L.; Peng Z.; Zhong J.; Jiang N.","Li, Na (57487240600); Ou, Jiarui (58941149000); He, Haoru (59091478300); He, Jiayuan (55657807300); Zhang, Le (23391545700); Peng, Zhengchun (11940280800); Zhong, Junwen (54782087800); Jiang, Ning (36813786200)","57487240600; 58941149000; 59091478300; 55657807300; 23391545700; 11940280800; 54782087800; 36813786200","Exploration of a machine learning approach for diagnosing sarcopenia among Chinese community-dwelling older adults using sEMG-based data","2024","Journal of NeuroEngineering and Rehabilitation","21","1","69","","","63","10.1186/s12984-024-01369-y","https://www.scopus.com/pages/publications/85192535365?origin=resultslist","Article","Final","All Open Access; Gold Open Access; Green Open Access","Scopus","2-s2.0-85192535365"
"Kobayashi K.; Imagama S.; Ando K.; Machino M.; Ota K.; Tanaka S.; Morozumi M.; Kanbara S.; Ito S.; Ishiguro N.; Hasegawa Y.","Kobayashi, Kazuyoshi (55757194800); Imagama, Shiro (57208767575); Ando, Kei (35168531400); Machino, Masaaki (24366467300); Ota, Kyotaro (57193852727); Tanaka, Satoshi (57200180380); Morozumi, Masayoshi (56392679700); Kanbara, Shunsuke (36898740500); Ito, Sadayuki (57201282887); Ishiguro, Naoki (34975067800); Hasegawa, Yukiharu (7403042654)","55757194800; 57208767575; 35168531400; 24366467300; 57193852727; 57200180380; 56392679700; 36898740500; 57201282887; 34975067800; 7403042654","Epidemiology and effect on physical function of osteosarcopenia in community-dwelling elderly people in Japan","2020","Modern Rheumatology","30","3","","592","597","25","10.1080/14397595.2019.1623455","https://www.scopus.com/pages/publications/85067665695?origin=resultslist","Article","Final","","Scopus","2-s2.0-85067665695"
